<?xml version="1.0" encoding="UTF-8"?>
<?xml-stylesheet type="text/xsl" href="configuration.xsl"?>
<!--
  Licensed under the Apache License, Version 2.0 (the "License");
  you may not use this file except in compliance with the License.
  You may obtain a copy of the License at

    http://www.apache.org/licenses/LICENSE-2.0

  Unless required by applicable law or agreed to in writing, software
  distributed under the License is distributed on an "AS IS" BASIS,
  WITHOUT WARRANTIES OR CONDITIONS OF ANY KIND, either express or implied.
  See the License for the specific language governing permissions and
  limitations under the License. See accompanying LICENSE file.
-->

<!-- Put site-specific property overrides in this file. -->
<!-- Standby Namenode nn2 : Cluster 1 -->



<configuration>
	<!-- Federation -->
	<!-- Add the dfs.nameservices parameter to your configuration and configure it with a list of comma separated NameServiceIDs. This will be used by the Datanodes to determine the Namenodes in the cluster. -->
	<!--
	<property>
		<name>dfs.nameservices</name>
		<value>c1,c2</value>
	</property>
	 Federation -->
	
	<property>
		<name>dfs.nameservices</name>
		<value>prod,devel</value>
	</property>
	<!-- For each Namenode and Secondary Namenode/BackupNode/Checkpointer add the following configuration parameters suffixed with the corresponding NameServiceID into the common configuration file: -->
	<!-- Cluster 1
	 <property>
        	<name>dfs.ha.namenodes.c1</name>
        	<value>nn1</value>
	</property> -->
	<property>
        	<name>dfs.namenode.rpc-address.prod</name>
        	<value>wormwood:8020</value>
    	</property>
    	<property>
        	<name>dfs.namenode.http-address.prod</name>
        	<value>wormwood:9870</value>
	</property>

    	<property>
        	<name>dfs.namenode.secondary.http-address.prod</name>
        	<value>m1:9870</value>
	</property>


	<!-- Cluster 2 
	 <property>
        	<name>dfs.ha.namenodes.c2</name>
        	<value>nn1</value>
	</property> -->
	<property>
        	<name>dfs.namenode.rpc-address.devel</name>
        	<value>m2:8020</value>
    	</property>
    	<property>
        	<name>dfs.namenode.http-address.devel</name>
        	<value>m2:9870</value>
	</property>

    	<property>
        	<name>dfs.namenode.secondary.http-address.devel</name>
        	<value>m3:9870</value>
	</property>
	<!-- Cluster 2 -->

	
    	<property>
		 <name>dfs.replication</name>
        	<value>1</value>
  	</property>
  	<property>
        	<name>dfs.datanode.data.dir</name>
		<value>/hdfs/data</value>
	</property>

	<property>
		<name>dfs.datanode.address</name>
		<value>m1:9866</value>
	</property>
	<property>
	    <name>dfs.datanode.ipc.address</name>
	    <value>m1:9867</value>
	</property>
   	<property>
	    <name>dfs.datanode.http.address</name>
	    <value>m1:9864</value>
   	</property>

	<property>
	    <name>dfs.blocksize</name>
	    <value>4194304</value>
    	</property>

    	<property>
	    <name>dfs.namenode.handler.count</name>
	    <value>10</value>
    	</property>
</configuration>
