<?xml version="1.0" encoding="UTF-8"?>
<?xml-stylesheet type="text/xsl" href="configuration.xsl"?>
<!--
  Licensed under the Apache License, Version 2.0 (the "License");
  you may not use this file except in compliance with the License.
  You may obtain a copy of the License at

    http://www.apache.org/licenses/LICENSE-2.0

  Unless required by applicable law or agreed to in writing, software
  distributed under the License is distributed on an "AS IS" BASIS,
  WITHOUT WARRANTIES OR CONDITIONS OF ANY KIND, either express or implied.
  See the License for the specific language governing permissions and
  limitations under the License. See accompanying LICENSE file.
-->

<!-- Put site-specific property overrides in this file. -->

<configuration>

	<property>
		<name>dfs.nameservices</name>
		<value>mycluster</value>
	</property>
	<property>
  		<name>dfs.ha.namenodes.mycluster</name>
  		<value>nn1,nn2, nn3</value>
	</property>
	<property>
  		<name>dfs.namenode.rpc-address.mycluster.nn1</name>
  		<value>wormwood:9820</value>
	</property>
	<property>
  		<name>dfs.namenode.rpc-address.mycluster.nn2</name>
  		<value>m1:9820</value>
	</property>
	<property>
 		<name>dfs.namenode.rpc-address.mycluster.nn3</name>
  		<value>m2:9820</value>
	</property>
	<property>
  		<name>dfs.namenode.http-address.mycluster.nn1</name>
  		<value>wormwood:9870</value>
	</property>
	<property>
  		<name>dfs.namenode.http-address.mycluster.nn2</name>
  		<value>m1:9870</value>
	</property>
	<property>
  		<name>dfs.namenode.http-address.mycluster.nn3</name>
  		<value>m2:9870</value>
	</property>
	<property>
  		<name>dfs.namenode.shared.edits.dir</name>
  		<value>qjournal://wormwood:8485;m1:8485;m2:8485/mycluster</value>
	</property>
	<property>
  		<name>dfs.client.failover.proxy.provider.mycluster</name>
  		<value>org.apache.hadoop.hdfs.server.namenode.ha.ConfiguredFailoverProxyProvider</value>
	</property>
	<property>
      		<name>dfs.ha.fencing.methods</name>
      		<value>sshfence</value>
    	</property>

    	<property>
      		<name>dfs.ha.fencing.ssh.private-key-files</name>
      		<value>/home/hduser/.ssh/id_rsa</value>
    	</property>
    	<property>
	    <name>dfs.ha.automatic-failover.enabled</name>
	    <value>true</value>
    	</property>   
	
    	<property>
		 <name>dfs.replication</name>
        	<value>3</value>
    </property>
    <property>
        <name>dfs.datanode.data.dir</name>
	<value>/hdfs/data</value>
</property>
<!--
When you add a new namenode you have to format it
In HA one node always maintains the state.
We only need the namenode dir in one of the namenodes  
<property>
	<name>dfs.namenode.name.dir</name>
	<value>/hdfs/namenode</value>
</property>
-->
<property>
	<name>dfs.datanode.address</name>
	<value>m1:9866</value>
</property>
    <property>
	    <name>dfs.datanode.ipc.address</name>
	    <value>m1:9867</value>
    </property>
    <property>
	    <name>dfs.datanode.http.address</name>
	    <value>m1:9864</value>
    </property>
    <!--
	// name node address has been replaced by the cluster    
    <property>
	    <name>dfs.namenode.http-address</name>
	    <value>m1:50070</value>
    </property> 

	// Secondary name node not needed in an HA Cluster
    <property>
	    <name>dfs.namenode.secondary.http-address</name>
	    <value>m3:50090</value>
    </property>

    <property>
	    <name>dfs.namenode.checkpoint.dir</name>
	    <value>/simplil/snnfsi</value>
    </property>

    <property>
	    <name>dfs.namenode.checkpoint.edits.dir</name>
	    <value>/simplil/snnedits</value>
    </property>

    <property>
	    <name>dfs.namenode.checkpoint.period</name>
	    <value>600</value>
    </property>
    -->
    <property>
	    <name>dfs.blocksize</name>
	    <value>4194304</value>
    </property>

    <property>
	    <name>dfs.namenode.handler.count</name>
	    <value>10</value>
    </property>
</configuration>
